,i_color
oak,37
palomino,27
saddle,25
oyster,22
stone,21
jet,20
nordkap,19
ecru,17
ash,16
agate,16
camel,14
atacama,14
terra,11
chateau,11
sand,11
caramel,10
mocha,9
java,9
neutral,8
cuoio,7
sandstone,7
cognac,7
cinnamon,6
zebra,6
almond,6
espresso,5
saffron,5
espresso/cognac,5
terracotta,5
forest edge,5
mushroom,4
cocoa,3
interlagos,3
willow,3
teak,3
arabica,3
creme,3
medium mocha,3
wheat,3
kalahari,3
hickory,2
almond/mocha,2
sienna,2
medium light stone,2
sepia,2
oatmeal,2
alabaster,2
bordeaux,2
light sand,2
mulberry,2
raffia,2
barley,2
havana,2
lightstone,2
light neutral,2
porcelain,2
chestnut,2
pecan,2
sepang,2
dark saddle,2
clark plaid,2
natural,2
almond/nutmeg,2
wet sand,2
medium prairie,2
light camel,2
brazil buffalo,1
monsoon tri-tone,1
amaretto,1
alpine,1
palisades,1
tobacco,1
seashell,1
spruce,1
giga amido,1
windsor,1
almond/arabica,1
tartufo,1
multi,1
magma,1
blond,1
iron ore,1
aspen,1
light oak,1
plaid,1
camel/ecru,1
salt creek,1
santa monica,1
tricolor kith,1
navy/cirrus,1
crema,1
jet/brogue,1
navy pier,1
light oyster,1
yacht club theme,1
amido,1
city weave,1
latte,1
coal,1
designo sand,1
brogue,1
espresso/medium light stone,1
helios,1
sandstone moquette,1
natur,1
mojave,1
designo espresso,1
natural dipped,1
jet/sand,1
perlino,1
nevada/sand biege leather,1
designo corteccia,1
medium beechwood,1
carmel,1
frost,1
poppy,1
havanna,1
paprika,1
boa-boa/amaretta,1
portland leather,1
portland,1
jet/pimento,1
modena,1
designo sand single-tone,1
designo porcelain,1
almond/espresso,1
ocean coast,1
