,year_make_model
2022 Rivian R1T,55
2022 Ford F-150,41
2008 BMW M3,31
2021 Ford Bronco,24
2022 Rivian R1S,24
2022 Ford Bronco,23
2007 Toyota FJ Cruiser,23
2002 BMW M3,22
2000 BMW M5,21
2004 BMW M3,21
1999 Porsche 911,21
2002 Porsche 911,20
2022 Hummer EV Pickup,20
2001 Porsche Boxster,19
2006 BMW M3,19
2013 Porsche Cayenne,19
2003 BMW M3,19
2018 Tesla Model 3,18
2001 BMW 740i,18
2017 Ford Mustang,18
2003 Porsche 911,18
2008 Porsche Cayenne,17
2007 Porsche 911,16
2004 Porsche Cayenne,16
2001 Porsche 911,16
2008 BMW 135i,15
2006 Porsche 911,15
2016 Ford Mustang,15
2008 BMW M5,15
1998 BMW M3,15
1999 Mazda MX-5 Miata,15
2006 Lexus LX 470,15
2005 BMW M3,14
2011 BMW M3,14
2004 Mazda Mazdaspeed MX-5,14
2000 Honda S2000,14
2000 Lexus LX 470,14
2013 BMW M3,14
2019 Ford Mustang,13
2006 MINI Cooper,13
2006 Porsche Cayman,13
1997 BMW M3,13
2007 Porsche Cayman,13
2001 Lexus LX 470,13
2005 Saab 9-2X,13
2004 Porsche 911,13
2021 Chevrolet Corvette,13
2020 Ford Mustang,13
1999 Lexus LX 470,12
1995 Mercedes-Benz E320,12
2002 BMW M5,12
1996 Chevrolet Corvette,12
2013 Audi S4,12
2015 Ford Mustang,12
2011 BMW 335i,12
2005 Mercedes-Benz E55 AMG,12
1991 Mazda MX-5 Miata,12
2001 BMW M5,12
2000 Toyota Land Cruiser,12
2016 Porsche Cayenne,11
2003 BMW 540i,11
2021 Tesla Model S,11
2015 BMW M4,11
2001 BMW M3,11
2012 Porsche 911,11
2009 BMW M3,11
2004 Land Rover Discovery,11
2013 BMW M5,11
2005 Porsche 911,11
2008 Land Rover Range Rover,11
2000 Porsche Boxster,11
2015 BMW M3,11
2006 Jeep Wrangler,11
2011 BMW 135i,11
2003 Mazda MX-5 Miata,11
2011 BMW 328i,11
2022 Chevrolet Corvette,11
2018 Ford Mustang,11
2012 Land Rover Range Rover,10
2012 Audi S4,10
1991 Nissan 300ZX,10
2007 BMW Z4 M,10
2002 Porsche Boxster,10
2019 Chevrolet Corvette,10
1996 BMW 320i,10
2022 Tesla Model X,10
2013 Ford Mustang,10
2013 Fiat 500 Abarth,10
1995 Mazda MX-5 Miata,10
2015 Porsche Macan,10
2001 Audi TT,10
2007 Chevrolet Corvette,10
2022 Tesla Model 3,10
2000 Porsche 911,10
2003 Audi RS 6,10
1996 Toyota Land Cruiser,10
1994 Toyota Land Cruiser,10
2017 Chevrolet Corvette,10
1996 Mitsubishi Pajero,10
2007 BMW M5,10
2015 Chevrolet Corvette,10
2004 Volvo S60,10
2019 Mazda MX-5 Miata,9
2003 Chevrolet Corvette,9
2011 Porsche Cayenne,9
2002 Audi S6,9
1999 BMW M3,9
2007 BMW 335i,9
2016 BMW M3,9
2007 Ford Mustang,9
2006 Porsche Cayenne,9
2005 Porsche Boxster,9
2005 Honda S2000,9
2017 Porsche 911,9
2021 Ram 1500,9
2016 BMW M4,9
1997 Toyota Land Cruiser,9
1995 Toyota Land Cruiser,9
1994 Mazda RX-7,9
2015 Porsche 911,9
2014 Porsche 911,9
2005 Lexus LX 470,9
1990 Mazda MX-5 Miata,9
2020 Jeep Gladiator,9
2016 Mazda MX-5 Miata,9
2011 Audi S4,9
2014 BMW 335i,9
2004 Lexus LX 470,9
1989 BMW 325i,9
2012 BMW M3,9
2018 Porsche Panamera,9
2015 BMW 328i,9
2000 Jeep Cherokee,9
2021 BMW M2,9
2014 Porsche Cayenne,9
2008 Saab 9-3,9
2006 BMW M5,9
2019 Tesla Model 3,9
2019 Porsche 911,9
2013 Scion FR-S,9
2013 MINI Cooper,9
2016 BMW M235i,9
1998 BMW Z3 M,9
2013 Porsche 911,9
2015 Audi S4,9
2004 Chevrolet Corvette,9
2005 Audi S4,9
2010 Chevrolet Camaro,8
2001 BMW Z3 M,8
1996 Lexus LX 450,8
2000 Toyota 4Runner,8
1993 Mazda MX-5 Miata,8
1999 Porsche Boxster,8
2000 BMW 540i,8
2014 Ford Mustang,8
2008 Porsche 911,8
2000 BMW 740i,8
2008 Porsche Cayman,8
2006 BMW 330Ci,8
1996 Daihatsu Midget,8
2004 Ford Mustang,8
2014 Jaguar F-Type,8
2013 BMW 550i,8
2003 Nissan 350Z,8
2008 Toyota FJ Cruiser,8
2017 Mercedes-Benz C63 AMG,8
2008 BMW 535xi,8
2017 Ford Focus RS,8
2008 Volkswagen R32,8
2008 Ford Mustang,8
2013 Toyota Land Cruiser,8
2017 Toyota Tacoma,8
1998 Toyota 4Runner,8
2001 BMW 540i,8
1991 Toyota Land Cruiser,8
2002 Subaru WRX,8
2011 BMW 335is,8
2001 Audi S4,8
1994 Chevrolet Corvette,8
2020 Tesla Model 3,8
2016 Tesla Model S,8
2010 Nissan GT-R,8
2021 Tesla Model 3,8
2003 Mercedes-Benz SL500,8
2008 Lexus IS F,8
2011 BMW 550i,7
2014 Jeep Wrangler,7
1997 Lexus LX 450,7
2009 Audi R8,7
2018 Jeep Wrangler,7
2008 Audi RS 4,7
2005 Lexus GX 470,7
2012 Mercedes-Benz C63 AMG,7
1994 Mazda MX-5 Miata,7
2020 BMW M2,7
2011 Land Rover Range Rover,7
2008 Mazda MX-5 Miata,7
2006 Mazda MX-5 Miata,7
2013 Jeep Wrangler,7
2001 Mazda MX-5 Miata,7
1999 Toyota Land Cruiser,7
2006 Saab 9-2X,7
2014 BMW 328d,7
2006 Lexus GX 470,7
2002 BMW 530i,7
2007 Audi RS 4,7
1987 BMW 325i,7
2009 Porsche Cayenne,7
2000 Mazda MX-5 Miata,7
2005 BMW X5,7
1999 Honda Prelude,7
2003 Volkswagen Passat,7
2003 BMW X5,7
2016 Porsche Cayman,7
1995 BMW M3,7
1996 Land Rover Defender,7
2006 Audi S4,7
2010 Mercedes-Benz E63 AMG,7
1993 Mitsubishi Delica,7
1995 Land Rover Defender,7
2003 Porsche Boxster,7
2014 Mercedes-Benz C63 AMG,7
2016 Subaru WRX STI,7
2001 BMW 740iL,7
2017 BMW 330i,7
2007 Audi S8,7
2004 Volkswagen Phaeton,7
2008 Porsche Boxster,7
2020 Tesla Model Y,7
2004 Audi S4,7
2005 Hummer H2,7
2004 Jeep Wrangler,7
2007 Mercedes-Benz S600,7
2002 Chevrolet Corvette,7
2018 BMW M2,7
2004 Dodge Ram,7
2006 Mercedes-Benz CLS 55 AMG,7
2022 Ford Bronco Raptor,7
2005 Lexus LS 430,7
2022 Tesla Model Y,7
2008 Chevrolet Corvette,7
2001 Honda S2000,7
1991 BMW 850i,7
2004 Mercedes-Benz E55 AMG,7
2006 Honda S2000,7
2022 Porsche 911,7
1986 Porsche 944,6
2015 Chevrolet Camaro,6
1987 Land Rover Defender,6
1982 Datsun 280ZX,6
2021 Toyota Land Cruiser,6
2012 Porsche Cayenne,6
2007 Mercedes-Benz E63 AMG,6
1990 Nissan 300ZX,6
2015 Mercedes-Benz S550,6
2010 Mercedes-Benz E550,6
2016 Porsche Macan,6
2007 Mercedes-Benz S550,6
2014 Mercedes-Benz E63 AMG,6
2017 Tesla Model S,6
2009 Porsche 911,6
2005 Chevrolet Corvette,6
1992 Lexus SC 400,6
2018 Chevrolet Camaro,6
2002 Honda S2000,6
1995 Mitsubishi Pajero,6
2018 Porsche 911,6
2016 Chevrolet Corvette,6
2003 Honda S2000,6
2003 Lexus LX 470,6
2012 Toyota FJ Cruiser,6
2003 Mercedes-Benz E55 AMG,6
1996 Jeep Cherokee,6
1994 Ford F-150,6
2004 Toyota Land Cruiser,6
2014 Audi S4,6
2006 Chevrolet Corvette,6
2016 Jaguar F-Type,6
2016 Chevrolet Camaro,6
1996 Toyota Hilux,6
1999 BMW 540i,6
2015 Subaru WRX STI,6
2018 Tesla Model X,6
2012 Mercedes-Benz E550,6
2008 BMW 550i,6
2019 Audi RS 5,6
2011 Ford Mustang,6
2009 Mercedes-Benz C63 AMG,6
2019 Volkswagen Golf R,6
2001 Mercedes-Benz SL500,6
2021 Jeep Wrangler,6
2002 Lexus SC 430,6
2006 BMW 530xi,6
2007 Volvo S60,6
2005 Toyota 4Runner,6
2009 Hummer H3T,6
1999 Mercedes-Benz SL500,6
2016 Audi RS 7,6
2004 Volvo V70,6
2017 Chevrolet Camaro,6
2015 Chevrolet SS,6
2002 Lexus LX 470,6
2016 Volkswagen Golf R,6
1985 Mercedes-Benz 380SL,6
1997 Land Rover Discovery,6
2021 Tesla Model Y,6
2017 Subaru WRX STI,6
2005 Subaru WRX STI,6
2005 Mazda Mazdaspeed MX-5,6
2001 Chevrolet Silverado,6
2006 Volvo S60,6
2005 BMW 330Ci,6
2013 Audi S6,6
2004 Subaru WRX STI,6
2003 Lexus GX 470,6
2014 Subaru WRX STI,6
2014 BMW 328i,6
2004 Toyota 4Runner,6
1996 Chevrolet Impala,6
2021 Toyota Supra,6
1991 Toyota MR2,6
2016 Tesla Model X,6
2005 Volvo V70,6
2005 Porsche Cayenne,6
2018 Mercedes-Benz E63 AMG,6
2000 BMW Z3 M,6
2020 Chevrolet Corvette,6
2000 Pontiac Firebird,6
2014 Mercedes-Benz E350,6
1995 Volkswagen Eurovan,5
1992 Mazda MX-5 Miata,5
2011 Mitsubishi Lancer Evolution,5
2002 Mazda MX-5 Miata,5
2002 Toyota 4Runner,5
2000 Honda Prelude,5
2017 Jeep Wrangler,5
2006 Land Rover Range Rover,5
2006 Mercedes-Benz E55 AMG,5
2017 BMW M240i,5
1999 Chevrolet Corvette,5
2018 BMW M4,5
2001 BMW 330Ci,5
2017 Porsche Panamera,5
2011 Subaru WRX STI,5
1999 Ford Mustang,5
1998 Mercedes-Benz C43 AMG,5
2003 Volkswagen Eurovan,5
2016 Land Rover Range Rover,5
2019 Ford F-150,5
2011 Saab 9-5,5
1997 Ford Mustang SVT Cobra,5
2019 Porsche 718 Cayman,5
1996 Ford Mustang SVT Cobra,5
1999 Mercedes-Benz C43 AMG,5
2010 Audi S4,5
2013 Mercedes-Benz SL550,5
2013 Volvo C30,5
2003 Mercedes-Benz SL55 AMG,5
2014 Audi RS 7,5
2020 Mercedes-Benz AMG GT,5
1993 Mazda RX-7,5
2008 Acura TL,5
2004 Nissan 350Z,5
2000 Acura Integra,5
1995 Audi S6,5
2004 Pontiac GTO,5
2018 Ford F-150 Raptor,5
2006 Toyota Land Cruiser,5
2016 BMW 435i,5
2016 Dodge Challenger,5
2014 Ford F-150 Raptor,5
2009 Pontiac G8,5
2007 Saab 9-3,5
2011 Porsche 911,5
2017 Volkswagen Golf R,5
2013 Tesla Model S,5
2013 Mercedes-Benz C63 AMG,5
1999 Mercedes-Benz E55 AMG,5
2004 Mercedes-Benz SL55 AMG,5
2001 Honda Prelude,5
2012 Land Rover Range Rover Sport,5
2015 Mercedes-Benz C63 AMG,5
1991 Honda Beat,5
2004 Lexus GX 470,5
2013 Ford Focus ST,5
2012 Volkswagen Golf R,5
2010 Porsche Panamera,5
2007 Lexus LX 470,5
2009 Porsche Cayman,5
1996 BMW Z3,5
2004 Lexus LS 430,5
1994 Land Rover Defender,5
2015 Toyota Tacoma,5
2003 Toyota Land Cruiser,5
2016 Jeep Wrangler,5
1994 Toyota HiAce,5
2007 Porsche Boxster,5
2016 Mercedes-Benz G63 AMG,5
2017 Mazda MX-5 Miata,5
2002 Toyota Land Cruiser,5
2005 Subaru Legacy,5
2002 Chevrolet Camaro,5
1994 Pontiac Firebird,5
1995 Mitsubishi 3000GT,5
1989 Toyota Pickup,5
2008 BMW X3,5
2005 BMW 330i,5
2006 Toyota 4Runner,5
2006 Acura RSX,5
1997 Toyota 4Runner,5
2017 Porsche Macan,5
1995 Mercedes-Benz S600,5
2010 Mercedes-Benz C63 AMG,5
2002 BMW 540i,5
1999 Ford Mustang SVT Cobra,5
2006 BMW M6,5
1992 Toyota Land Cruiser,5
2018 Porsche Macan,5
2002 Lexus IS 300,5
1999 BMW Z3 M,5
2022 Land Rover Defender,5
2008 Audi S4,5
2001 Toyota 4Runner,5
2013 Chevrolet Camaro,5
1995 Toyota Celsior,5
2007 Volkswagen Touareg,5
2016 Volkswagen GTI,5
2014 Audi S5,5
1999 Lotus Esprit,5
2003 Lexus IS 300,5
2008 Mercedes-Benz E350,5
2008 Toyota 4Runner,5
2015 Mercedes-Benz E63 AMG,5
2012 Mercedes-Benz E63 AMG,5
2005 Toyota Land Cruiser,5
2012 Ford Mustang,5
2014 Mercedes-Benz E550,5
2015 Mitsubishi Lancer Evolution,5
1983 Porsche 944,5
2015 Volvo V60,5
2006 Nissan 350Z,5
2001 BMW Z3,5
2008 Lexus GX 470,5
2017 Mercedes-Benz Sprinter,4
1995 Nissan 300ZX,4
1995 Mitsubishi Delica,4
2008 Mercedes-Benz S65 AMG,4
2017 Tesla Model X,4
2020 Subaru WRX STI,4
2021 Ford Mustang,4
2017 BMW M2,4
1995 Ford F-250,4
1988 Mercedes-Benz 560SEL,4
1997 Chevrolet Camaro,4
2007 Mercedes-Benz S65 AMG,4
2019 Alfa Romeo Giulia,4
2014 BMW M5,4
2015 Ford Fiesta ST,4
2019 BMW M2,4
2016 Land Rover Range Rover Sport,4
2007 Toyota 4Runner,4
1999 Land Rover Discovery,4
2010 Porsche 911,4
2006 Porsche Boxster,4
2005 Ferrari F430,4
2003 BMW 330i,4
1993 Honda Del Sol,4
2014 Porsche Cayman,4
1991 Acura NSX,4
2008 BMW 328i,4
2022 BMW M5,4
2003 Acura RSX,4
1996 GMC Suburban,4
2018 Chevrolet Corvette,4
1993 Toyota Land Cruiser,4
2016 Nissan GT-R,4
2004 BMW 330Ci,4
1987 Chevrolet Blazer,4
2010 BMW M6,4
2010 BMW 328xi,4
2013 Audi A4,4
2004 Volkswagen R32,4
2019 BMW i8,4
2017 Volkswagen GTI,4
2003 Subaru WRX,4
1990 Honda CRX,4
2010 BMW M3,4
2009 Ford Mustang,4
2008 Mercedes-Benz E63 AMG,4
2016 Ram 2500,4
2012 Cadillac CTS-V,4
2003 BMW M5,4
2014 Volkswagen GTI,4
2011 Toyota FJ Cruiser,4
2008 BMW Z4 M,4
2017 Toyota 4Runner,4
2003 Mercedes-Benz G500,4
2012 Chevrolet Corvette,4
1996 Honda Integra,4
2018 Porsche 718 Cayman,4
1997 Porsche 911,4
2013 BMW X5,4
2001 Ford Excursion,4
2016 Mercedes-Benz AMG GT,4
2003 MINI Cooper,4
2009 BMW 135i,4
2001 Volkswagen Eurovan,4
1993 Toyota MR2,4
1988 Mercedes-Benz 560SL,4
2006 BMW 650i,4
2004 Audi TT,4
2000 Land Rover Range Rover,4
1993 Nissan Skyline,4
1999 BMW Z3,4
1995 Toyota HiAce,4
2003 GMC Yukon,4
2012 Audi R8,4
2010 Toyota FJ Cruiser,4
1999 Subaru Impreza,4
2007 Lexus GX 470,4
2009 MINI Cooper Clubman,4
1992 Mitsubishi 3000GT,4
2004 Mercedes-Benz E500,4
2007 Volvo V70,4
1997 Toyota HiAce,4
1987 Porsche 944,4
2004 BMW X5,4
1991 BMW 325i,4
2006 BMW Z4 M,4
2011 BMW 328xi,4
1994 Toyota Celica,4
2001 Jeep Cherokee,4
1982 Chevrolet Corvette,4
1998 Porsche Boxster,4
2017 BMW M4,4
2013 Audi A8,4
2019 MINI Cooper,4
2014 Toyota FJ Cruiser,4
2018 Subaru BRZ,4
2004 Subaru Forester,4
2001 Chevrolet Corvette,4
2015 Tesla Model S,4
1997 Mitsubishi Pajero,4
2016 BMW i8,4
2002 Mercedes-Benz G500,4
2012 Lexus IS F,4
2021 Mercedes-Benz G63 AMG,4
2001 Toyota Tacoma,4
2008 BMW M6,4
2008 BMW Z4,4
2020 Tesla Model X,4
2008 Mercedes-Benz S550,4
1997 BMW 320i,4
2005 MINI Cooper,4
2013 Subaru WRX STI,4
2020 Mercedes-Benz E63 AMG,4
1996 Mitsubishi Delica,4
2001 Mercedes-Benz CLK430,4
2006 Audi TT,4
2019 BMW M4,4
2007 Saturn Sky,4
2009 BMW 335i,4
1998 Mercedes-Benz SL500,4
2019 Mercedes-Benz E63 AMG,4
1989 Toyota MR2,4
1994 Toyota Hilux,4
2016 BMW 328d,4
1995 Infiniti Q45,4
2004 Ford Excursion,4
2006 Subaru Baja,4
2005 Subaru Baja,4
2007 Nissan 350Z,4
2016 Mercedes-Benz C63 AMG,4
1986 Mercedes-Benz 560SL,4
1988 Porsche 911,4
2004 BMW 330i,4
2011 BMW Z4,4
1994 Porsche 968,4
2002 Ford Thunderbird,4
2020 Porsche Taycan,4
2008 Mitsubishi Lancer Evolution,4
2016 Porsche 911,4
1998 Jeep Cherokee,4
2019 Toyota 4Runner,4
1984 Porsche 944,4
1998 Ford Mustang SVT Cobra,4
1987 BMW 325is,4
2004 Honda S2000,4
1995 Ford Mustang,4
2013 Chevrolet Corvette,4
2012 Tesla Model S,4
1988 Chevrolet Corvette,4
1990 Porsche 944,4
2014 Chevrolet SS,4
2005 Dodge Ram,4
2018 Alfa Romeo Giulia,4
2004 Jaguar XJR,4
2011 Mercedes-Benz C63 AMG,4
2018 Audi RS 3,4
2017 Audi S7,4
2021 Jeep Gladiator,4
2003 Land Rover Discovery,4
1995 Mercedes-Benz SL500,4
2001 Chevrolet Suburban,4
2008 BMW 335i,4
2017 BMW 340i,4
2005 Audi A8,4
2009 Land Rover Range Rover Sport,4
2011 Land Rover Range Rover Sport,4
2018 Honda Accord,4
1982 Mazda RX-7,4
2015 Porsche Cayman,4
2015 Porsche Cayenne,4
2018 BMW M240i,4
2018 Toyota 4Runner,4
2010 BMW 328i,4
2021 Porsche 911,4
2009 Mercedes-Benz E63 AMG,4
1995 Ford Bronco,4
2018 Mercedes-Benz AMG GT,4
2020 GMC Sierra,4
1996 Mazda MX-5 Miata,4
1990 Toyota Land Cruiser,4
2002 BMW X5,4
2018 BMW M3,4
2013 Audi S5,4
2015 Audi R8,4
2000 Ferrari 360,4
2008 Subaru WRX STI,4
2010 BMW 535i,4
2006 BMW 330i,3
2011 Porsche Panamera,3
2009 BMW 328xi,3
1997 Chevrolet Tahoe,3
1988 Toyota Land Cruiser,3
2010 Toyota Land Cruiser,3
2010 BMW 335i,3
1995 Land Rover Range Rover,3
2015 Jeep Grand Cherokee,3
1995 Chevrolet Corvette,3
1995 Toyota Celica,3
2014 Tesla Model S,3
2004 Honda Civic,3
2004 Mercedes-Benz CLK 55 AMG,3
1995 Toyota Hilux,3
1992 Nissan 300ZX,3
2017 Ford F-150 Raptor,3
2005 Pontiac GTO,3
2005 Lexus SC 430,3
2014 Nissan GT-R,3
2017 Toyota Tundra,3
1992 Jeep Cherokee,3
2008 Saturn Sky,3
1997 Mercedes-Benz SL500,3
2015 Mercedes-Benz E350,3
2003 Ford Mustang,3
2002 Mercedes-Benz SL500,3
1997 Honda Prelude,3
2007 Ferrari F430,3
2003 BMW 325i,3
2008 Dodge Viper,3
2010 BMW 535xi,3
2023 Land Rover Range Rover,3
1999 Toyota 4Runner,3
2003 Jeep Wrangler,3
2013 BMW 328i,3
1999 Jeep Cherokee,3
2007 Mercedes-Benz ML63 AMG,3
2013 Toyota Tacoma,3
2008 Audi A4,3
1993 Acura Legend,3
1994 Dodge Viper,3
2018 BMW M5,3
2001 Audi S8,3
1995 BMW 320i,3
2014 Ford Focus ST,3
2006 Chrysler 300,3
2023 Land Rover Defender,3
2001 Ferrari 360,3
1992 Land Rover Defender,3
2011 Audi S5,3
2019 Ford F-150 Raptor,3
2020 Tesla Model S,3
2003 Jaguar S-Type,3
2016 Toyota Tacoma,3
2021 Mercedes-Benz E63 AMG,3
2012 MINI Cooper,3
2021 Lotus Evora,3
2016 BMW 328i,3
2004 Mercedes-Benz S600,3
1992 Honda Accord,3
1986 Toyota Land Cruiser,3
2007 Audi S4,3
2014 Subaru BRZ,3
2011 Aston Martin V8 Vantage,3
1983 Mercedes-Benz 300TD,3
2010 Nissan 370Z,3
2004 Ford Mustang SVT Cobra,3
2002 Lexus LS 430,3
2013 BMW 335i,3
2008 Mercedes-Benz ML63 AMG,3
2001 Lexus IS 300,3
2020 Toyota Supra,3
2017 Jaguar F-Type,3
2005 Mitsubishi Lancer Evolution,3
2021 Mercedes-Benz G550,3
2002 Infiniti Q45,3
1987 Mercedes-Benz 560SL,3
2014 Land Rover Range Rover Sport,3
2002 Mercedes-Benz CLK 55 AMG,3
2002 Jeep Wrangler,3
2022 BMW M3,3
2007 Audi A6,3
2002 Audi S8,3
2015 Land Rover Range Rover Sport,3
2007 Honda S2000,3
2011 Volvo C30,3
2015 Volkswagen GTI,3
2009 MINI Cooper,3
2016 BMW M6 Gran Coupe,3
2007 Cadillac Escalade,3
2018 Mazda MX-5 Miata,3
2018 Honda Civic,3
2010 Audi A6,3
1992 Lexus LS 400,3
2021 Audi RS 6,3
2003 Hummer H2,3
2008 Audi S8,3
2014 BMW M6,3
1998 Toyota Tacoma,3
2014 Lexus LX 570,3
2015 Dodge Challenger,3
2003 BMW Z4,3
1993 Nissan 300ZX,3
1990 Ford Mustang,3
2014 Cadillac CTS-V,3
2020 Dodge Challenger,3
1988 Porsche 944,3
1990 Porsche 928,3
2020 Audi R8,3
2005 Ford F-350,3
1992 Nissan Skyline,3
1992 BMW 850i,3
2007 Jeep Wrangler,3
2015 BMW 435i,3
2019 Audi RS 3,3
2011 Mercedes-Benz E350,3
2011 Chevrolet Corvette,3
2005 Audi TT,3
1994 Ford Mustang,3
1985 Toyota Land Cruiser,3
2007 Land Rover Range Rover,3
2010 Chevrolet Corvette,3
2013 Toyota FJ Cruiser,3
2018 Ford Fiesta ST,3
2004 Chevrolet Tahoe,3
2011 Maserati Quattroporte,3
2004 Subaru Baja,3
2011 Jeep Wrangler,3
1997 Honda Del Sol,3
2006 BMW X5,3
2000 BMW 750iL,3
2000 BMW Z3,3
2009 Land Rover Range Rover,3
1999 Mercedes-Benz SL600,3
2022 BMW M4,3
2000 Mercedes-Benz E55 AMG,3
2007 BMW 650i,3
1989 BMW 320i,3
1995 Nissan Skyline,3
2001 Pontiac Firebird,3
2009 Nissan 370Z,3
1989 Land Rover Defender,3
2011 Audi R8,3
2011 Mercedes-Benz E550,3
1992 Toyota Supra,3
2005 Mercedes-Benz SL600,3
2008 BMW 328xi,3
2009 Audi A4,3
2013 BMW 135i,3
2007 BMW Alpina B7,3
1999 Acura Integra,3
1982 Toyota Supra,3
2001 Ford Mustang,3
1994 Honda Civic,3
2003 Mercedes-Benz CLK 55 AMG,3
2000 Mercedes-Benz CLK430,3
2009 Nissan GT-R,3
2002 Audi TT,3
2005 Audi Allroad,3
2012 Jeep Wrangler,3
2000 Chevrolet Corvette,3
2007 Aston Martin V8 Vantage,3
2014 BMW M235i,3
1994 Toyota Supra,3
2002 Pontiac Firebird,3
2006 Lexus LS 430,3
2006 Mitsubishi Lancer Evolution,3
2012 Subaru WRX STI,3
2010 Ford F-150 Raptor,3
2009 Toyota FJ Cruiser,3
1989 Chevrolet Corvette,3
2015 Audi RS 5,3
2008 Dodge Challenger,3
2002 Volkswagen Eurovan,3
2006 Subaru WRX STI,3
1993 Toyota HiAce,3
2012 Fiat 500 Abarth,3
1983 Toyota Land Cruiser,3
1998 Dodge Ram,3
2020 Ford F-150 Raptor,3
1990 Chevrolet Corvette,3
2012 BMW 135i,3
2013 Mercedes-Benz E63 AMG,3
2003 Toyota Tacoma,3
2004 Volkswagen Passat,3
2011 Lexus IS F,3
2003 Lexus SC 430,3
2021 Porsche 718 Cayman,3
2007 BMW M6,3
2013 Porsche Boxster,3
1993 Chevrolet Blazer,3
2017 Audi S6,3
2013 Subaru WRX,3
2014 BMW 535i,3
2000 Land Rover Discovery,3
1996 Land Rover Discovery,3
1994 Toyota Pickup,3
2007 BMW Z4,3
2021 Mazda MX-5 Miata,3
2019 Subaru WRX STI,3
2009 Mercedes-Benz SL550,3
2015 Mercedes-Benz S63 AMG,3
2010 Volkswagen Passat,3
1995 Jeep Wrangler,3
2008 Mercedes-Benz E550,3
2015 Jaguar F-Type,3
2008 Audi R8,3
2005 Volvo S60,3
2017 Mercedes-Benz G550,3
1994 Chevrolet Impala,3
2001 Ford Mustang SVT Cobra,3
2001 Mercedes-Benz E320,3
2018 BMW 330i,3
2012 BMW 335i,3
2013 Mitsubishi Lancer Evolution,3
2000 Ford F-350,3
2004 Acura TL,3
2002 Acura RSX,3
2012 BMW X5 M,3
2019 Mercedes-Benz Sprinter,3
2003 BMW 530i,3
2011 Subaru WRX,3
2014 Mercedes-Benz S550,3
1996 Porsche 911,3
2008 Audi S5,3
1995 Jeep Cherokee,3
2018 Audi S5,3
2007 Mazda Mazdaspeed 3,3
2010 Subaru WRX,3
1998 Toyota Land Cruiser,3
2011 Volkswagen GTI,3
2007 Pontiac Solstice,3
2011 Audi A4,3
2005 Ford Thunderbird,3
2018 Jeep Grand Cherokee,3
2015 BMW X5,3
2021 Ford F-150 Raptor,3
2006 Volkswagen Touareg,3
2017 Chevrolet SS,3
1986 Ford Mustang,3
2016 BMW 750i,3
2014 Mercedes-Benz Sprinter,3
2003 Toyota 4Runner,3
2011 Dodge Challenger,3
1999 GMC Yukon,3
2013 Mazda MX-5 Miata,3
1990 Mitsubishi Delica,3
2017 Alfa Romeo Giulia,3
2014 Audi S6,3
2020 Toyota 4Runner,3
2005 Lotus Elise,3
2007 BMW 328xi,3
2001 BMW 325Ci,3
2006 Dodge Ram,3
2011 Mercedes-Benz C300,3
2010 Land Rover Range Rover,3
1994 Ford Bronco,3
1997 Mercedes-Benz E320,3
2018 Toyota Tacoma,3
2007 Mercedes-Benz SL550,3
2008 Nissan 350Z,3
2009 Porsche Boxster,3
2015 Toyota Tundra,3
2009 Mazda Mazdaspeed 3,3
2014 Subaru WRX,3
1990 Ford Bronco,3
2013 Honda Civic,3
1995 Chevrolet Camaro,3
1987 Mercedes-Benz 300TD,3
2009 Jeep Wrangler,3
2006 Ford Mustang,3
2004 Porsche Boxster,3
2010 Jeep Wrangler,3
1997 Mazda MX-5 Miata,3
2015 Subaru WRX,3
2012 Mazda MX-5 Miata,3
2019 Tesla Model X,3
2011 Cadillac CTS-V,3
2015 BMW M5,3
2000 Dodge Viper,3
1993 Toyota Pickup,3
2002 Volkswagen GTI,3
1989 Porsche 928,3
2018 Subaru WRX STI,2
1985 Mercedes-Benz 300TD,2
1998 GMC Suburban,2
2022 Tesla Model S,2
2016 Ford Focus RS,2
1992 Acura NSX,2
2018 BMW 340i,2
2016 Mercedes-Benz Sprinter,2
1998 Chevrolet Corvette,2
1991 Chevrolet Blazer,2
1998 Ford Mustang,2
2022 Toyota Supra,2
2018 MINI Cooper,2
2014 Mercedes-Benz G550,2
2004 Ford F-250,2
2014 Chevrolet Silverado,2
1993 Jeep Wrangler,2
2011 Mazda MX-5 Miata,2
2017 Audi RS 7,2
2011 GMC Sierra,2
1999 Mitsubishi Montero,2
2013 Subaru BRZ,2
2008 Mercedes-Benz C300,2
1986 BMW 535i,2
2000 Mercedes-Benz SL600,2
1996 Toyota Celica,2
1991 BMW M5,2
1998 BMW Z3,2
1992 Chevrolet Corvette,2
1985 Chevrolet C/K Series,2
2017 BMW X5 M,2
2020 Audi RS 3,2
2022 Toyota Tundra,2
2021 Mercedes-Benz Sprinter,2
2014 Mazda MX-5 Miata,2
2000 Lexus SC 400,2
1994 BMW M3,2
2015 Mercedes-Benz G550,2
2004 Audi Allroad,2
1992 Chevrolet C/K Series,2
2014 Mercedes-Benz ML63 AMG,2
2002 Saab 9-3,2
1995 Ford F-350,2
1995 BMW 740i,2
1989 Honda Prelude,2
2015 Fiat 500 Abarth,2
2009 Audi S8,2
2010 Mazda MX-5 Miata,2
2000 Lexus LS 400,2
1988 Jaguar XJS,2
2000 Mercedes-Benz SL500,2
2018 Ford Focus RS,2
1983 Volkswagen GTI,2
2018 Mercedes-Benz C63 AMG,2
1990 Ford Ranger,2
2012 Honda Civic,2
1986 Chevrolet Corvette,2
2005 Jaguar S-Type,2
1999 Dodge Ram,2
1996 Honda Del Sol,2
2015 Toyota Land Cruiser,2
2014 BMW 435i,2
2007 Mercedes-Benz CL600,2
2010 Mitsubishi Lancer Evolution,2
1991 Honda CRX,2
1999 Chevrolet Tahoe,2
2008 Aston Martin V8 Vantage,2
1999 BMW 740iL,2
2012 Lexus GX 460,2
2010 Acura TL,2
2005 Honda Accord,2
2002 BMW 330Ci,2
1998 Jeep Grand Cherokee,2
2017 Mercedes-Benz S550,2
2009 Mercedes-Benz CLS 63 AMG,2
2018 Cadillac CTS-V,2
2008 Bentley Continental GT,2
1982 Mercedes-Benz 300TD,2
1998 Lexus LS 400,2
1993 Volkswagen Eurovan,2
2003 Ford F-250,2
1993 Ford F-350,2
2014 Mercedes-Benz CLS 63 AMG,2
1994 Nissan 300ZX,2
1994 Mercedes-Benz E500,2
2017 Ram 2500,2
2013 Nissan 370Z,2
2004 Mazda MX-5 Miata,2
2015 Porsche Boxster,2
1991 Honda Prelude,2
2015 BMW 535i,2
1993 Toyota Supra,2
2006 BMW Z4,2
2003 BMW 525i,2
2012 Acura TL,2
2009 Volkswagen Jetta,2
1999 Toyota Tacoma,2
2010 Jaguar XKR,2
2005 Mazda MX-5 Miata,2
2015 Toyota 4Runner,2
2001 Chevrolet Camaro,2
1998 Chevrolet C/K Series,2
1991 Lexus LS 400,2
2007 Subaru WRX STI,2
1987 Ford F-250,2
2013 Mercedes-Benz CLS 63 AMG,2
1997 Ford F-250,2
2002 Toyota Tacoma,2
2007 Audi A4,2
2009 Pontiac Solstice,2
2013 Jaguar XKR,2
1996 Ford Bronco,2
1987 BMW M6,2
1990 Land Rover Defender,2
1988 Ford Bronco,2
2017 Nissan GT-R,2
2001 Mercedes-Benz CLK 55 AMG,2
2020 Mercedes-Benz C63 AMG,2
1996 Ford F-250,2
2002 BMW Z3 M,2
2010 Porsche Cayenne,2
2020 Ford F-150,2
2016 Mercedes-Benz S600,2
2016 BMW 535i,2
2019 Toyota Tacoma,2
2014 Toyota 4Runner,2
2001 Mercedes-Benz E55 AMG,2
2007 BMW 530xi,2
1999 Chevrolet Camaro,2
2007 Maserati Quattroporte,2
2008 Dodge Ram,2
2021 Toyota Tacoma,2
1988 Toyota MR2,2
2021 Porsche Taycan,2
2016 Cadillac CTS-V,2
2018 Audi RS 5,2
1994 Ford F-250,2
1997 Chevrolet C/K Series,2
2013 BMW 535i,2
2005 Subaru Forester,2
2020 Mercedes-Benz G63 AMG,2
2008 Mercedes-Benz CL63 AMG,2
1997 BMW 328i,2
2002 GMC Sierra,2
1990 Honda Civic,2
1993 Ford Bronco,2
2004 BMW X3,2
1983 Mercedes-Benz 380SL,2
1997 Lexus SC 400,2
2016 BMW M2,2
2009 BMW 328i,2
2013 Lexus LX 570,2
2009 Lexus LX 570,2
1996 Subaru Impreza,2
2009 Chevrolet Corvette,2
2001 GMC Sierra,2
2002 Ford F-150,2
2017 Ford F-150,2
1990 Mazda RX-7,2
1996 Chevrolet Suburban,2
2010 Porsche Cayman,2
2019 Mercedes-Benz G550,2
1995 Toyota 4Runner,2
2006 Dodge Charger,2
2004 Audi A4,2
1997 Chevrolet Corvette,2
2000 BMW 323i,2
2012 Porsche Panamera,2
1996 Chevrolet Camaro,2
2015 Mercedes-Benz S65 AMG,2
1993 Lotus Esprit,2
2010 BMW M5,2
2019 Volvo V60,2
1989 Honda CRX,2
2008 Pontiac Solstice,2
2009 Mercedes-Benz ML63 AMG,2
2001 Honda Integra,2
1998 Lexus LX 470,2
1998 Chevrolet Camaro,2
2000 Honda Accord,2
2020 Land Rover Range Rover Sport,2
2019 Mercedes-Benz C300,2
1999 BMW 328i,2
2005 BMW X3,2
2003 Ford Excursion,2
1994 Honda Accord,2
2005 Mercedes-Benz SL65 AMG,2
2003 GMC Sierra,2
2016 BMW 340i,2
2006 Lotus Elise,2
1991 Mitsubishi Delica,2
2009 BMW M6,2
2002 Land Rover Range Rover,2
2020 Porsche 718 Cayman,2
1992 Mitsubishi Pajero,2
1985 Toyota Celica,2
1994 Mitsubishi 3000GT,2
2010 Lexus GX 460,2
1990 BMW 325is,2
1996 Toyota RAV4,2
2021 GMC Sierra,2
2013 Lexus GX 460,2
2015 Ford Taurus,2
2003 Subaru Baja,2
1997 BMW 750iL,2
1989 Toyota Land Cruiser,2
2008 Lexus SC 430,2
2002 Ford Excursion,2
2018 Ford F-150,2
1994 GMC Suburban,2
2015 Scion FR-S,2
1989 Acura Legend,2
1986 Toyota Pickup,2
1998 Honda Civic,2
2008 Honda S2000,2
1986 Toyota Corolla,2
2006 Cadillac CTS-V,2
2001 Audi RS 4,2
2004 GMC Sierra,2
1997 Ford Mustang,2
2013 Porsche Panamera,2
2021 BMW M3,2
1998 Lexus SC 400,2
2005 Mercedes-Benz E500,2
2010 Mazda Mazdaspeed 3,2
1988 BMW 325is,2
2020 Honda Accord,2
2008 Jeep Wrangler,2
1994 Nissan Skyline,2
2010 Audi S5,2
2013 MINI Cooper Clubman,2
2018 Audi S4,2
2016 Porsche Boxster,2
2015 Ford F-350,2
1998 Lotus Esprit,2
2005 Jeep Wrangler,2
2003 Ford Mustang SVT Cobra,2
2017 BMW M3,2
2007 Volkswagen GTI,2
2005 Mercedes-Benz SL500,2
2007 Subaru Forester,2
2021 BMW Z4,2
2012 Mercedes-Benz CLS 63 AMG,2
2010 Jeep Grand Cherokee,2
2000 Jeep Wrangler,2
1996 Mitsubishi 3000GT,2
1982 Mercedes-Benz 380SL,2
2014 Ford Fiesta ST,2
2004 Acura RSX,2
2013 Mercedes-Benz SL65 AMG,2
1995 Pontiac Firebird,2
2003 Audi S6,2
2010 Mercedes-Benz S550,2
2012 Toyota Tacoma,2
1994 GMC Yukon,2
1999 Ford F-150,2
2004 Lexus IS 300,2
2012 BMW Alpina B7,2
2004 Lexus SC 430,2
2019 Tesla Model S,2
1985 Ford Bronco,2
2011 MINI Cooper,2
1985 Mazda RX-7,2
2003 Chevrolet Suburban,2
2022 Audi RS 3,2
2000 Subaru Impreza,2
2006 Aston Martin V8 Vantage,2
2015 Jeep Wrangler,2
2014 Bentley Continental GT,2
2010 Volkswagen Touareg,2
2008 Mercedes-Benz S63 AMG,2
1991 Nissan Skyline,2
2001 BMW 750iL,2
1999 Chevrolet Suburban,2
2020 Lotus Evora,2
1985 Mercedes-Benz 190E,2
1986 Land Rover Defender,2
1998 Chevrolet Suburban,2
1997 Acura Integra,2
1993 Honda Beat,2
2004 Bentley Continental GT,2
1994 Honda Del Sol,2
1993 Mitsubishi 3000GT,2
1998 Land Rover Range Rover,2
2005 Chevrolet Suburban,2
1988 BMW M3,2
2013 BMW M6,2
2017 Audi R8,2
2002 BMW 330i,2
2020 Porsche 911,2
2013 Audi RS 5,2
1986 Porsche 911,2
2013 Maserati GranTurismo,2
2012 BMW 328i,2
1991 Chevrolet C/K Series,2
2015 BMW 335i,2
2002 Chevrolet Tahoe,2
2000 Audi A4,2
1988 Jeep Wrangler,2
2017 Ford F-350,2
2016 Lexus IS 300,2
1998 Honda Prelude,2
2018 Maserati GranTurismo,2
2008 Aston Martin DB9,2
2012 Nissan GT-R,2
2014 Audi A6,2
1993 Chevrolet Suburban,2
1994 Mercedes-Benz E320,2
2020 Mercedes-Benz C43 AMG,2
2010 Ford Mustang,2
1994 Mercedes-Benz SL600,2
2019 Dodge Challenger,2
2021 Dodge Challenger,2
2009 Cadillac CTS-V,2
2023 Chevrolet Corvette,2
2008 Mercedes-Benz G500,2
1992 Porsche 968,2
2004 BMW 325i,2
2007 Acura TL,2
2011 Jaguar XKR,2
2001 BMW 530i,2
2006 Mercedes-Benz S600,2
2015 Ford Focus ST,2
2011 Toyota Land Cruiser,2
2011 BMW 535i,2
2016 Audi S6,2
2007 Audi S6,2
2008 Mercedes-Benz SLK55 AMG,2
1993 Jeep Grand Cherokee,2
1984 GMC Sierra,2
1987 Toyota Land Cruiser,2
1999 Ford F-350,2
2016 BMW M5,2
2002 Ford F-350,2
2017 Land Rover Range Rover,2
2021 Subaru WRX STI,2
2006 Mercedes-Benz SLK55 AMG,2
2002 Audi S4,2
2009 Mercedes-Benz CL63 AMG,2
1990 Toyota HiAce,2
2001 Land Rover Range Rover,2
2012 BMW 328xi,2
2017 Subaru BRZ,2
2021 Audi RS 5,2
2015 BMW M6 Gran Coupe,2
1996 Acura Integra,2
2010 Lotus Evora,2
1986 Chevrolet C/K Series,2
2018 Audi R8,2
2004 Volkswagen Touareg,2
2013 Volkswagen Jetta,2
2016 Ford F-250,2
2022 Volkswagen GTI,2
2004 MINI Cooper,2
2021 Dodge Charger,2
2011 Porsche Cayman,2
2005 Cadillac CTS-V,2
1995 Jaguar XJS,2
1993 BMW 525i,2
2004 Subaru Impreza,2
2002 Mercedes-Benz CLK430,2
2005 Toyota Tacoma,2
2015 BMW M235i,2
2012 Subaru WRX,2
1997 Lexus LS 400,2
1990 Jaguar XJS,2
2015 Land Rover Range Rover,2
2007 Mercedes-Benz SLK55 AMG,2
1990 Toyota Pickup,2
2013 Land Rover Range Rover Sport,2
2015 Audi S5,2
2001 Jaguar XKR,2
2000 Ford Excursion,2
2001 Acura Integra,2
2017 Tesla Model 3,2
1989 Honda Civic,2
2008 Subaru WRX,2
2016 Toyota Land Cruiser,2
1982 Toyota Land Cruiser,2
1991 Porsche 911,2
2002 Ford Mustang,2
2009 Jaguar XKR,2
2011 Toyota 4Runner,2
2009 BMW 535xi,2
1996 BMW 323i,2
2010 Mercedes-Benz E350,2
1992 Mercedes-Benz 190E,2
1994 Acura Integra,2
2011 Lexus GX 460,2
1991 Acura Legend,2
1998 BMW 750iL,2
2005 Toyota Tundra,2
1988 Honda CRX,2
2017 Jeep Grand Cherokee,2
2002 BMW Z3,2
1997 Land Rover Defender,2
1997 Toyota RAV4,2
2004 Ferrari 360,2
1983 Honda Civic,2
2016 Ford Focus ST,2
1989 Mercedes-Benz 560SEL,2
1999 Lexus LS 400,2
1990 BMW 325i,2
2008 Mercedes-Benz C63 AMG,2
2014 Audi R8,2
2005 Land Rover Range Rover,2
2002 Mercedes-Benz E320,2
2006 Volvo V70,2
2010 Hummer H3T,2
2020 Land Rover Defender,2
2020 Toyota Tacoma,2
1991 BMW M3,2
2007 Mercedes-Benz SL55 AMG,2
2017 BMW X5,2
2009 Audi S6,2
1986 Porsche 928,2
1992 Mitsubishi Delica,2
2014 Land Rover Range Rover,2
2014 Ford F-250,2
2015 Subaru BRZ,2
1997 BMW Z3,2
1984 Toyota Land Cruiser,2
1995 BMW 525i,2
2007 Volvo XC70,2
2022 Porsche 718 Cayman,2
2008 Pontiac G8,2
2004 Mercedes-Benz SL500,2
2006 Mercedes-Benz SL65 AMG,2
2001 Saab 9-3,2
2018 BMW 328d,2
2012 BMW M6,2
2004 Mitsubishi Lancer Evolution,2
2013 Dodge Challenger,2
2002 Mercedes-Benz CL600,2
1999 Ford F-250,2
2017 BMW 535i,2
2022 GMC Yukon,2
1991 Mitsubishi 3000GT,2
1993 BMW M5,2
2010 Lexus LX 570,2
2015 Dodge Charger,2
2003 Mitsubishi Montero,2
2017 Subaru WRX,2
2007 Ford Ranger,1
1997 Honda Integra,1
2019 BMW 540i,1
2014 Porsche Panamera,1
2006 Mercedes-Benz E63 AMG,1
2004 Chevrolet Silverado,1
1988 Mazda RX-7,1
1984 Chevrolet Camaro,1
2006 Honda Civic,1
2008 Toyota Tacoma,1
1994 Land Rover Range Rover,1
2020 Audi S5,1
2012 Volkswagen GTI,1
1996 Pontiac Firebird,1
2021 Mercedes-Benz C63 AMG,1
2012 Volvo S60,1
2010 Maserati Quattroporte,1
2001 Toyota Land Cruiser,1
2015 Ford F-250,1
2018 Chevrolet Silverado,1
2002 Dodge Ram,1
2012 Chevrolet Camaro,1
2017 Ford Taurus,1
2021 Volvo V60,1
2002 Ford F-250,1
2019 Chevrolet Camaro,1
2018 Nissan 370Z,1
2004 GMC Yukon,1
2020 Mercedes-Benz Sprinter,1
1994 Jeep Cherokee,1
2005 Mercedes-Benz G500,1
2007 Honda Civic,1
2005 Acura TL,1
1991 Land Rover Defender,1
1991 Chevrolet Camaro,1
2001 Dodge Viper,1
1990 Volkswagen Jetta,1
2018 Land Rover Range Rover,1
2005 Dodge Viper,1
2001 Mitsubishi Montero,1
2021 Toyota 4Runner,1
2010 Volkswagen GTI,1
1995 BMW 750iL,1
1994 Chevrolet Camaro,1
2008 MINI Cooper Clubman,1
2016 Chevrolet SS,1
2007 Audi A8,1
2010 Toyota Tacoma,1
1994 Subaru Legacy,1
1984 Ford Mustang,1
2017 Ford Fiesta ST,1
2020 Volvo V60,1
2018 Mercedes-Benz G550,1
2010 Ford Taurus,1
1985 Porsche 944,1
2006 Mitsubishi Montero,1
1994 BMW 325i,1
2014 Lotus Elise,1
2003 Ford F-350,1
2015 Honda Accord,1
2022 Audi S8,1
1987 Chevrolet C/K Series,1
1988 BMW 535i,1
1990 Toyota Celica,1
2000 Toyota Celica,1
2004 Ford F-350,1
2009 Lexus GX 470,1
2015 Bentley Continental GT,1
2017 Dodge Viper,1
1997 Mitsubishi 3000GT,1
1991 Toyota HiAce,1
2015 Jaguar XJR,1
2012 Mazda Mazdaspeed 3,1
1988 Toyota Celica,1
2017 Volvo V60,1
1988 BMW M5,1
1988 Ford Mustang,1
1987 Toyota Pickup,1
2020 Chevrolet Silverado,1
1996 Mitsubishi Lancer Evolution,1
1993 Honda Prelude,1
2019 Subaru WRX,1
2017 Volkswagen Jetta,1
2007 Honda Accord,1
2013 Dodge Viper,1
2020 Dodge Charger,1
2013 Aston Martin V8 Vantage,1
2008 Maserati GranTurismo,1
1995 Toyota Pickup,1
1988 Chevrolet Blazer,1
1996 Chevrolet Blazer,1
1997 BMW 740iL,1
1988 Toyota Supra,1
2007 Mazda MX-5 Miata,1
2019 Jeep Wrangler,1
1981 Chevrolet Camaro,1
1994 Ford Mustang SVT Cobra,1
1999 Mercedes-Benz CL600,1
2020 Nissan 370Z,1
2010 Audi R8,1
2019 BMW M5,1
2008 GMC Sierra,1
2019 Dodge Charger,1
2019 Acura NSX,1
1987 Toyota Supra,1
1996 Toyota HiAce,1
1995 Toyota Corolla,1
2006 Subaru WRX,1
2022 Mercedes-Benz C43 AMG,1
2013 BMW Z4,1
1996 Chevrolet C/K Series,1
2017 Mercedes-Benz C43 AMG,1
1988 Ford F-250,1
1997 Mercedes-Benz S600,1
2002 Land Rover Discovery,1
2006 Volkswagen R32,1
1997 Porsche Boxster,1
2001 Audi A6,1
1988 Honda Prelude,1
2007 Ford F-150,1
1986 Mercedes-Benz 560SEL,1
2017 Audi A4,1
2022 BMW 540i,1
1987 Toyota Corolla,1
2002 Volvo V70,1
2022 Toyota 4Runner,1
1991 Mazda RX-7,1
2018 BMW M6 Gran Coupe,1
1998 Acura Integra,1
2004 Mercedes-Benz E320,1
1992 Toyota HiAce,1
2008 Volvo C30,1
2014 Jeep Grand Cherokee,1
2010 Audi A4,1
1993 Toyota Corolla,1
2000 Chevrolet Camaro,1
1996 Acura NSX,1
2009 Subaru WRX STI,1
1992 Ford F-150,1
1983 Land Rover Defender,1
2000 GMC Sierra,1
2010 Chrysler 300,1
1984 Land Rover Defender,1
1992 Toyota MR2,1
1988 Land Rover Defender,1
1998 Mercedes-Benz SL600,1
1998 GMC Sierra,1
1985 Porsche 911,1
2001 Jeep Grand Cherokee,1
2008 Lexus LX 570,1
1992 Land Rover Range Rover,1
2017 BMW M6 Gran Coupe,1
2011 Mercedes-Benz E63 AMG,1
1995 Honda Del Sol,1
2016 Jeep Grand Cherokee,1
2023 Acura Integra,1
2012 Chrysler 300,1
1999 Honda Civic,1
2007 Mercedes-Benz E550,1
2021 Tesla Model X,1
2003 Chevrolet Silverado,1
2006 Subaru Legacy,1
2004 Mercedes-Benz G500,1
2014 Audi RS 5,1
2007 BMW 550i,1
2016 Toyota 4Runner,1
2015 Ford F-150,1
2000 BMW 740iL,1
2015 BMW 650i,1
2017 Ford F-250,1
2011 Subaru Forester,1
1998 BMW 740iL,1
2019 Toyota Tundra,1
2022 Audi RS 6,1
2019 Jaguar F-Type,1
2005 Acura RSX,1
1990 Ford F-350,1
2009 Mazda MX-5 Miata,1
1995 Porsche 968,1
2012 Mercedes-Benz S550,1
2017 Chevrolet Silverado,1
2006 BMW 325i,1
2020 Toyota Land Cruiser,1
2003 Lexus LS 430,1
1998 BMW 320i,1
1990 Acura Legend,1
1988 Toyota Pickup,1
1987 Porsche 928,1
1992 Honda CRX,1
2010 Honda Civic,1
1994 BMW 325Ci,1
2014 Audi S8,1
2006 Saab 9-5,1
2009 Lexus IS F,1
2019 Cadillac Escalade,1
2007 Toyota Tundra,1
1994 Chevrolet C/K Series,1
2013 Chevrolet Tahoe,1
2022 Ford Mustang,1
1985 Land Rover Defender,1
1986 Jeep Cherokee,1
2019 Audi S5,1
1999 Chevrolet C/K Series,1
2017 Acura NSX,1
2015 Nissan 370Z,1
1992 Ford Mustang,1
2014 Mercedes-Benz CL63 AMG,1
2019 Subaru BRZ,1
1991 Chevrolet Corvette,1
2007 Bentley Continental GT,1
1995 BMW 540i,1
2010 Dodge Viper,1
2011 BMW 740i,1
1992 Honda Del Sol,1
1993 GMC Suburban,1
2015 BMW 328d,1
2011 BMW Alpina B7,1
2005 Jaguar XJR,1
2003 Volkswagen GTI,1
2010 Cadillac CTS-V,1
1990 Toyota Supra,1
1989 Ford Bronco,1
2019 Ford Fiesta ST,1
1995 Honda Accord,1
1995 Volkswagen GTI,1
2018 Audi RS 7,1
2008 Mercedes-Benz SL65 AMG,1
2013 Audi A6,1
1998 Chevrolet Tahoe,1
2004 Audi RS 6,1
1988 Lotus Esprit,1
2014 BMW i8,1
1983 Ford F-150,1
2013 Audi S8,1
1996 Jaguar XJS,1
2013 Mercedes-Benz G63 AMG,1
2002 Toyota RAV4,1
2011 Audi A8,1
2020 Porsche Panamera,1
2017 Cadillac CTS-V,1
2017 GMC Sierra,1
1999 Chevrolet Blazer,1
2005 GMC Sierra,1
1998 Nissan Skyline,1
2017 Cadillac Escalade,1
2016 Ford F-150,1
1997 Subaru Impreza,1
2018 Toyota Tundra,1
2013 BMW 650i,1
2014 Porsche Boxster,1
1986 Mercedes-Benz 190E,1
1992 Acura Integra,1
2017 Audi RS 3,1
2014 Mercedes-Benz SL550,1
2004 Ford F-150,1
1999 BMW 323i,1
1984 Ford Bronco,1
1995 Lexus LS 400,1
2011 Mercedes-Benz S600,1
2006 Acura TL,1
2012 BMW 535i,1
2019 Ford Ranger,1
2001 BMW 525i,1
2022 Subaru WRX,1
2013 Cadillac Escalade,1
1995 BMW 530i,1
2011 Toyota Tundra,1
2014 Mitsubishi Lancer Evolution,1
2012 Mercedes-Benz S63 AMG,1
1997 Land Rover Range Rover,1
1983 Ford F-250,1
2013 Acura TL,1
2015 Volkswagen Jetta,1
2017 Toyota Land Cruiser,1
1981 Datsun 280ZX,1
2006 Audi A8,1
2008 Audi A8,1
2012 Mercedes-Benz Sprinter,1
2003 Mercedes-Benz CL600,1
2010 Lexus SC 430,1
2000 Volkswagen Eurovan,1
2001 GMC Yukon,1
2002 Subaru Impreza,1
2002 MINI Cooper,1
2020 Porsche Macan,1
2012 Volvo XC70,1
2000 Jeep Grand Cherokee,1
1997 Toyota Tacoma,1
1991 Ford F-150,1
1994 Honda Prelude,1
2014 Toyota Tacoma,1
2004 Mercedes-Benz SL600,1
2016 GMC Yukon,1
1994 Mitsubishi Pajero,1
2006 Chevrolet Silverado,1
2009 Volkswagen GTI,1
1990 Mitsubishi Montero,1
2017 Subaru Forester,1
1992 Toyota Pickup,1
2016 Mercedes-Benz G550,1
2011 Chevrolet Camaro,1
2006 Dodge Viper,1
2009 Subaru WRX,1
2006 Pontiac Solstice,1
1992 Dodge Ram,1
1995 BMW 325i,1
2019 BMW 330i,1
2017 BMW 750i,1
1996 Dodge Viper,1
2013 Volvo S60,1
2014 BMW M6 Gran Coupe,1
1993 Chevrolet Corvette,1
2004 Saab 9-3,1
1993 Acura NSX,1
2016 BMW 320i,1
2014 Volkswagen Touareg,1
1984 Mazda RX-7,1
2018 Volvo V60,1
1992 Toyota 4Runner,1
2011 Porsche Boxster,1
1982 Ford Bronco,1
2010 Toyota Tundra,1
1992 Subaru Impreza,1
2005 Ford Excursion,1
1990 Pontiac Firebird,1
2009 BMW 535i,1
2021 Jeep Grand Cherokee,1
2001 Ford Ranger,1
2017 Mercedes-Benz S63 AMG,1
2017 Ford Focus ST,1
1996 Toyota Supra,1
1997 Chevrolet Suburban,1
1981 Porsche 911,1
2015 Mercedes-Benz SLK55 AMG,1
1994 Ford F-350,1
2008 MINI Cooper,1
2002 Chevrolet Silverado,1
2018 Audi TT,1
2015 Volkswagen Touareg,1
2016 Subaru WRX,1
1994 Jeep Grand Cherokee,1
1994 GMC Sierra,1
2005 Chrysler 300,1
1995 Honda Civic,1
1996 Chevrolet Tahoe,1
2002 Ford Ranger,1
2013 Mercedes-Benz CL63 AMG,1
1998 Toyota RAV4,1
1989 Toyota Corolla,1
2014 Ford F-150,1
2016 Honda Accord,1
2001 Mercedes-Benz G500,1
1999 Pontiac Firebird,1
2013 Chrysler 300,1
2013 Volkswagen Touareg,1
2017 Mercedes-Benz CLS 63 AMG,1
1993 Land Rover Range Rover,1
2015 Chevrolet Silverado,1
1992 Ford Taurus,1
2016 Ford Taurus,1
2017 Porsche Cayenne,1
2016 Maserati GranTurismo,1
2002 Saab 9-5,1
2004 Ford Thunderbird,1
2001 Land Rover Discovery,1
2014 Lotus Evora,1
2014 Fiat 500 Abarth,1
2006 Saab 9-3,1
2006 Aston Martin DB9,1
2002 Mercedes-Benz E55 AMG,1
2014 Dodge Challenger,1
2008 Subaru Forester,1
1994 Dodge Ram,1
2016 BMW X5 M,1
2013 Toyota Tundra,1
2021 MINI Cooper,1
2007 Toyota Land Cruiser,1
1995 BMW 328i,1
2006 Hummer H2,1
1983 Porsche 928,1
2008 BMW Alpina B7,1
2002 Acura NSX,1
2011 Cadillac Escalade,1
1984 Mercedes-Benz 300TD,1
2012 Ram 2500,1
2008 Audi S6,1
1999 Jeep Wrangler,1
2013 Land Rover Range Rover,1
2000 Jaguar S-Type,1
2009 Mercedes-Benz E350,1
1998 Subaru Forester,1
2021 Chevrolet Camaro,1
1995 Dodge Ram,1
2000 Jaguar XJR,1
2007 Mercedes-Benz SL600,1
2008 Toyota Land Cruiser,1
1988 BMW 325i,1
1996 Mercedes-Benz SL600,1
1991 Ford Taurus,1
1995 Honda Prelude,1
2021 Land Rover Defender,1
2010 BMW 550i,1
2012 Maserati Quattroporte,1
2020 Mazda MX-5 Miata,1
1996 Volkswagen GTI,1
1986 Ford F-250,1
2021 Jaguar F-Type,1
2002 Audi Allroad,1
1994 Land Rover Discovery,1
1991 Ford Thunderbird,1
1989 Ford Mustang,1
1995 Subaru Impreza,1
2017 Dodge Challenger,1
1992 Toyota Hilux,1
1994 Subaru WRX STI,1
2011 Mercedes-Benz ML63 AMG,1
1996 Toyota Celsior,1
2012 Mercedes-Benz G550,1
2009 BMW Z4,1
1998 Pontiac Firebird,1
2000 Mercedes-Benz E320,1
2015 Honda Civic,1
1986 Toyota MR2,1
1991 GMC Suburban,1
2016 Audi S7,1
2016 Dodge Viper,1
2004 Chevrolet Blazer,1
2009 Saab 9-5,1
1998 BMW 323i,1
2015 Nissan GT-R,1
2015 Mazda MX-5 Miata,1
1999 GMC Sierra,1
1990 GMC Sierra,1
2019 Volkswagen GTI,1
2017 MINI Cooper,1
2012 Audi S5,1
2018 Jaguar F-Type,1
2016 BMW M6,1
2000 Ford Mustang SVT Cobra,1
2013 Volkswagen Golf R,1
2014 Audi A4,1
2004 Volvo XC70,1
2011 Mercedes-Benz S63 AMG,1
1991 BMW 320i,1
2008 BMW 650i,1
2006 Mercedes-Benz E500,1
2012 Ford F-350,1
2011 Volkswagen Jetta,1
2019 Mercedes-Benz S63 AMG,1
1998 Mercedes-Benz E320,1
2006 Pontiac GTO,1
1992 Porsche 911,1
2006 BMW 325Ci,1
2018 Fiat 500 Abarth,1
2012 BMW 650i,1
2020 Audi S8,1
2006 Mercedes-Benz SL600,1
2005 Volvo XC70,1
2003 Mercedes-Benz S600,1
1985 Chevrolet Corvette,1
2006 Ferrari F430,1
1987 Toyota MR2,1
1998 Mercedes-Benz CL600,1
2010 Aston Martin DB9,1
2012 Volkswagen Jetta,1
2015 BMW 328xi,1
2011 Ford F-150 Raptor,1
2003 Jaguar XJR,1
1991 Jeep Wrangler,1
1995 BMW 325Ci,1
1997 BMW 323i,1
2023 Cadillac Escalade,1
2001 Mercedes-Benz S600,1
1989 Nissan 300ZX,1
1988 Honda Civic,1
2020 BMW M5,1
2005 Mercedes-Benz S600,1
2004 Ford Taurus,1
1984 Chevrolet Corvette,1
1994 Toyota MR2,1
2017 Lexus GX 460,1
2019 Ford F-250,1
2018 Ford Focus ST,1
2015 Audi A8,1
1999 GMC Suburban,1
2001 Dodge Ram,1
2013 Audi S7,1
2022 Ram 1500,1
2012 Chevrolet Tahoe,1
2001 Lexus LS 430,1
2015 Jaguar XKR,1
2014 Maserati Quattroporte,1
1991 Ford F-250,1
2001 Subaru Impreza,1
1988 Nissan 300ZX,1
2009 Audi A6,1
1998 BMW 750i,1
2021 BMW M4,1
2010 Ford F-250,1
2019 BMW 750i,1
1981 Toyota Celica,1
2021 Audi S7,1
2000 Jaguar XKR,1
1997 Subaru WRX,1
2018 Mercedes-Benz C43 AMG,1
2014 Subaru Forester,1
2001 Volvo XC70,1
2014 BMW 550i,1
2018 Ford F-350,1
2001 Audi A8,1
1997 Ford F-350,1
2017 Audi Allroad,1
2005 Aston Martin DB9,1
2003 Ford Thunderbird,1
1994 Subaru WRX,1
1981 Chevrolet Corvette,1
1993 Honda Integra,1
1990 Land Rover Discovery,1
2007 BMW X3,1
2008 Toyota Tundra,1
1992 BMW 525i,1
1981 Mercedes-Benz 300TD,1
2010 Mercedes-Benz CL63 AMG,1
2007 GMC Sierra,1
1998 Porsche 911,1
2020 BMW M240i,1
2002 BMW 525i,1
2014 Maserati GranTurismo,1
2006 BMW X3,1
1993 GMC Sierra,1
1989 Jeep Wrangler,1
1981 Mercedes-Benz 380SL,1
1988 Ford Thunderbird,1
1983 Toyota Supra,1
1995 Porsche 911,1
2021 Ram 2500,1
1998 Subaru Impreza,1
1997 Toyota Celsior,1
1995 Toyota RAV4,1
2021 Toyota Corolla,1
2006 Mercedes-Benz SL500,1
2016 Audi S4,1
1992 Land Rover Discovery,1
1997 Audi A6,1
2006 Land Rover Range Rover Sport,1
2014 Acura TL,1
2020 BMW 750i,1
2018 Acura NSX,1
2016 Volvo S60,1
2014 Lexus IS F,1
2011 BMW X5,1
2018 Land Rover Range Rover Sport,1
2023 Toyota Tundra,1
1997 Jeep Wrangler,1
2009 Saturn Sky,1
2004 Chevrolet Suburban,1
2009 BMW M5,1
2015 Cadillac CTS-V,1
2013 Mercedes-Benz ML63 AMG,1
2008 Mazda Mazdaspeed 3,1
1992 Mazda RX-7,1
2022 Toyota Tacoma,1
2020 Honda Civic,1
1988 Pontiac Firebird,1
2002 Chevrolet Suburban,1
2014 BMW Alpina B7,1
2019 Nissan 370Z,1
1993 Mercedes-Benz 190E,1
2015 BMW 740i,1
2014 Audi A8,1
2001 Infiniti Q45,1
2011 Mercedes-Benz S550,1
2017 Lotus Evora,1
1994 Subaru Impreza,1
1989 Chevrolet C/K Series,1
1982 Dodge Ram,1
2022 Porsche Taycan,1
1991 Porsche 928,1
1993 Ford Mustang SVT Cobra,1
2010 Land Rover Range Rover Sport,1
2007 Land Rover Range Rover Sport,1
2012 Mercedes-Benz E350,1
2014 BMW X5,1
1993 BMW 325i,1
2022 Jeep Gladiator,1
2006 Mercedes-Benz S65 AMG,1
1993 Land Rover Defender,1
2023 Chevrolet Camaro,1
2015 Audi RS 7,1
2016 Ford Fiesta ST,1
1987 Mercedes-Benz 560SEL,1
2012 Jeep Grand Cherokee,1
2008 Hummer H2,1
2015 Mercedes-Benz C300,1
1985 Chevrolet Blazer,1
2022 Maserati Quattroporte,1
2018 Mercedes-Benz S63 AMG,1
2010 Mercedes-Benz ML63 AMG,1
2016 BMW Z4,1
2006 Chevrolet Suburban,1
2012 Mercedes-Benz CL63 AMG,1
1989 Jaguar XJS,1
2003 Audi S8,1
2001 Ford F-350,1
2017 BMW 328d,1
2009 Nissan 350Z,1
2001 Jeep Wrangler,1
1995 GMC Yukon,1
1998 BMW M5,1
2021 Ford Ranger,1
2013 BMW 335is,1
1998 Infiniti Q45,1
2017 Land Rover Range Rover Sport,1
2007 Subaru WRX,1
2007 Toyota Tacoma,1
2009 Toyota 4Runner,1
1993 Toyota Hilux,1
2014 Aston Martin DB9,1
2012 Volkswagen Touareg,1
1996 Nissan 300ZX,1
2008 Jaguar XKR,1
2001 Ford F-150,1
2019 Jeep Grand Cherokee,1
2000 Audi S4,1
2002 Jaguar XKR,1
2011 Mazda Mazdaspeed 3,1
2008 Land Rover Range Rover Sport,1
2001 Audi Allroad,1
1992 BMW M5,1
1996 Ford F-150,1
2018 Mercedes-Benz Sprinter,1
2017 Mercedes-Benz G63 AMG,1
2003 Cadillac Escalade,1
2005 BMW Z4,1
2011 Audi A6,1
1987 Toyota 4Runner,1
2015 Mercedes-Benz S600,1
1992 Chevrolet Camaro,1
2006 Mercedes-Benz G500,1
2000 Nissan Skyline,1
1997 BMW 540i,1
1995 Acura Integra,1
1992 Infiniti Q45,1
1986 Mitsubishi Pajero,1
1993 Ford Mustang,1
1994 BMW 530i,1
2000 Audi TT,1
2001 Saab 9-5,1
1993 Subaru Impreza,1
2009 Audi TT,1
1999 Mitsubishi Lancer Evolution,1
1997 Volkswagen GTI,1
2016 Nissan 370Z,1
1997 Mercedes-Benz SL600,1
1993 Lexus LS 400,1
2019 BMW M6 Gran Coupe,1
2010 BMW 650i,1
2019 Audi S4,1
2008 Jaguar S-Type,1
2001 Lotus Esprit,1
1994 Mitsubishi Delica,1
1991 Mercedes-Benz 560SEL,1
2017 Porsche 718 Cayman,1
2009 Ferrari F430,1
2009 Honda Civic,1
1984 Chevrolet C/K Series,1
1993 Audi S4,1
2016 Porsche Panamera,1
2016 Subaru BRZ,1
2014 Nissan 370Z,1
1987 Mazda RX-7,1
2009 Dodge Challenger,1
1996 GMC Yukon,1
1988 Toyota 4Runner,1
2018 Dodge Challenger,1
2004 Subaru WRX,1
2007 Ford F-250,1
2003 Audi TT,1
1997 Acura NSX,1
2016 MINI Cooper,1
1992 Pontiac Firebird,1
2015 BMW i8,1
2014 Jaguar XJR,1
1992 Toyota Celsior,1
2004 BMW 530i,1
2009 Maserati Quattroporte,1
2003 Acura NSX,1
2009 Mercedes-Benz C300,1
1984 Honda CRX,1
1992 Honda Beat,1
1987 Chevrolet Corvette,1
2008 BMW X5,1
1991 Mercedes-Benz 190E,1
1992 Mitsubishi Lancer Evolution,1
1989 Porsche 911,1
1989 Mercedes-Benz 560SL,1
2016 Mercedes-Benz SLK55 AMG,1
2014 Volkswagen Jetta,1
1984 Mercedes-Benz 380SL,1
2005 Saab 9-3,1
2014 GMC Sierra,1
1994 Toyota Celsior,1
1992 Ford Bronco,1
2012 Ford F-150 Raptor,1
1985 Porsche 928,1
2005 Chevrolet Tahoe,1
2021 Porsche Macan,1
1984 Volkswagen GTI,1
2018 Audi A4,1
1995 Ford F-150,1
2020 BMW M4,1
1995 GMC Sierra,1
2014 Ford F-350,1
2016 Dodge Charger,1
1995 Ford Mustang SVT Cobra,1
2019 Honda Accord,1
1995 Subaru Legacy,1
1982 Chevrolet Blazer,1
1992 Ford F-250,1
2010 Saab 9-3,1
2000 Ford F-150,1
2002 BMW 325i,1
1996 BMW M3,1
1996 GMC Sierra,1
2002 Honda Civic,1
2021 Ford F-250,1
2009 Ford Ranger,1
2012 Dodge Challenger,1
1982 MINI Cooper,1
2017 Maserati GranTurismo,1
2016 Audi S5,1
2008 Audi TT,1
2006 Jaguar XKR,1
2018 Audi S7,1
2006 Ford F-350,1
2006 Toyota Tacoma,1
2017 Porsche Cayman,1
2005 Volkswagen Jetta,1
1989 Mazda RX-7,1
2014 Mercedes-Benz SL65 AMG,1
2006 Audi A6,1
1984 Porsche 911,1
2001 Ford F-250,1
1997 BMW 740i,1
2000 Chevrolet Silverado,1
2012 Audi A8,1
2008 Maserati Quattroporte,1
2001 BMW X5,1
2011 BMW X5 M,1
2002 BMW 325Ci,1
1992 BMW 325i,1
2007 MINI Cooper,1
2015 Audi A4,1
2015 Mercedes-Benz Sprinter,1
2020 Volkswagen GTI,1
1989 Dodge Ram,1
2018 Nissan GT-R,1
2008 Mercedes-Benz CL600,1
2017 BMW i8,1
2014 Dodge Viper,1
2015 MINI Cooper,1
2000 Chevrolet Tahoe,1
2006 Volvo XC70,1
2007 BMW 328i,1
1982 Volkswagen Jetta,1
1988 Mitsubishi Pajero,1
1991 Toyota Pickup,1
2019 Mercedes-Benz C63 AMG,1
2003 Mercedes-Benz CLK430,1
2009 Mercedes-Benz S550,1
1990 BMW 535i,1
2022 Volkswagen Golf R,1
2019 Porsche Cayenne,1
2021 Volkswagen GTI,1
1991 Toyota Hilux,1
2016 BMW 335i,1
1997 Lotus Elise,1
1991 Toyota Celica,1
2004 Land Rover Range Rover,1
2001 Audi A4,1
2015 BMW M6,1
2009 Bentley Continental GT,1
1993 Subaru WRX,1
1990 BMW M3,1
2005 Ford Ranger,1
2013 Ford Taurus,1
2007 Aston Martin DB9,1
2014 Toyota Tundra,1
2020 Chevrolet Tahoe,1
1985 Nissan 300ZX,1
2004 Dodge Viper,1
2016 Mercedes-Benz E63 AMG,1
2023 Audi RS 3,1
